id,company_id,customer_id,order_number,order_date,status,subtotal,gst_amount,total_amount,notes
d5370c9e-bdee-48c6-9fbe-86ea3e3890e9,29946c71-6cdc-4a03-8749-2a16578bb7e1,15aa8b95-223b-4e9c-b7a6-c7617e8c3eb5,SO-000001,2024-01-02,confirmed,1718.70,128.90,1847.60,
751c3809-53e9-4fb4-a4c2-57811d3cee67,29946c71-6cdc-4a03-8749-2a16578bb7e1,34ab898d-9c13-4c32-8721-c2e8f080b70d,SO-000002,2024-01-02,confirmed,882.13,66.15,948.28,
57413ddd-9e07-4473-aca8-fa76f12784ef,29946c71-6cdc-4a03-8749-2a16578bb7e1,57e006b1-388e-47e7-8a56-41393e4975a8,SO-000003,2024-01-03,confirmed,460.46,34.53,494.99,
9414c149-6321-4c84-b295-958b7bad568f,29946c71-6cdc-4a03-8749-2a16578bb7e1,fbde9758-95f3-4c7e-a62d-7213309d514a,SO-000004,2024-01-05,confirmed,1714.55,128.59,1843.14,
5c164f32-6c61-4ce5-bdea-46e04f0dfe0d,29946c71-6cdc-4a03-8749-2a16578bb7e1,41fd7481-414c-4a36-8fea-5d577e7aea09,SO-000005,2024-01-05,confirmed,1163.81,87.29,1251.10,
fe98dd92-6e4b-4f11-af2f-c0a6e88606b2,29946c71-6cdc-4a03-8749-2a16578bb7e1,b70bf97f-4fe4-4b11-9ecb-6e3dffbb3457,SO-000006,2024-01-08,confirmed,331.68,24.87,356.55,
c7574e65-3bf4-4d3f-bbe6-3f034e856c77,29946c71-6cdc-4a03-8749-2a16578bb7e1,4de3ae24-7fb2-4aa7-b21f-563fccc1fb33,SO-000007,2024-01-08,confirmed,1424.84,106.86,1531.70,
915be434-07a1-422e-b368-2066c86052ea,29946c71-6cdc-4a03-8749-2a16578bb7e1,a898be31-f1c8-4c7b-9221-577a45b2c9dd,SO-000008,2024-01-09,confirmed,5278.57,395.89,5674.46,
b3863d71-e0af-4626-83bf-bf10b8c3149c,29946c71-6cdc-4a03-8749-2a16578bb7e1,0cbbad3f-8ac9-4a77-b9f3-a092e8f98dc1,SO-000009,2024-01-09,confirmed,1502.83,112.72,1615.55,
fa1c5e80-bcb8-4c2e-a497-2b0b7a53a8e9,29946c71-6cdc-4a03-8749-2a16578bb7e1,1ad9c3da-6ea1-4907-b83d-939422122993,SO-000010,2024-01-10,confirmed,3887.42,291.56,4178.98,
e0e9c6c1-ef53-404a-95c5-24484edb5f15,29946c71-6cdc-4a03-8749-2a16578bb7e1,a6d319d5-3270-4a4d-b1f4-f45fc5785118,SO-000011,2024-01-10,confirmed,1828.91,137.16,1966.07,
ef5bd772-5a25-4339-9528-35ff798d9b32,29946c71-6cdc-4a03-8749-2a16578bb7e1,9429f01a-5892-49a2-bdeb-f309a73610b2,SO-000012,2024-01-11,confirmed,1315.30,98.64,1413.94,
ad493b30-b0e4-4b98-97e6-41ecb3e2323d,29946c71-6cdc-4a03-8749-2a16578bb7e1,c0abd809-2583-4ace-8c2d-f1d955fa62e6,SO-000013,2024-01-11,confirmed,998.52,74.89,1073.41,
3b3dbaee-6572-4dcd-8e50-4efbe823665d,29946c71-6cdc-4a03-8749-2a16578bb7e1,dd4b66cd-2ff1-40a1-9474-90ff38d8e538,SO-000014,2024-01-11,confirmed,1974.27,148.08,2122.35,
268fc7b3-fde6-475c-a782-5d190c7dc953,29946c71-6cdc-4a03-8749-2a16578bb7e1,bd035607-790a-47c8-bc1a-db1599aaadab,SO-000015,2024-01-12,confirmed,942.23,70.66,1012.89,
4d960fb8-0ba8-4d55-8774-2dc72635e60d,29946c71-6cdc-4a03-8749-2a16578bb7e1,40066b58-a037-49c2-bae7-7cbc064f64e4,SO-000016,2024-01-12,confirmed,1618.41,121.38,1739.79,
89b6e569-8040-455e-85af-6b3574a507ce,29946c71-6cdc-4a03-8749-2a16578bb7e1,3481ac22-adec-4818-ae13-721b77dd806b,SO-000017,2024-01-15,confirmed,649.66,48.72,698.38,
7d705dc7-d353-4979-95c3-722acfe80ef1,29946c71-6cdc-4a03-8749-2a16578bb7e1,4033ab7c-66fa-4d99-9c85-c11db863dc1c,SO-000018,2024-01-16,confirmed,3371.18,252.84,3624.02,
4e24d949-a743-4083-9ce9-c08f2c69a19f,29946c71-6cdc-4a03-8749-2a16578bb7e1,9429f01a-5892-49a2-bdeb-f309a73610b2,SO-000019,2024-01-16,confirmed,538.49,40.39,578.88,
66976cdb-694a-42d1-83b6-c69e0e05188a,29946c71-6cdc-4a03-8749-2a16578bb7e1,5cf20962-3fb0-4efc-a203-7990a416106c,SO-000020,2024-01-17,confirmed,1559.06,116.93,1675.99,
2ae1d603-90d0-496b-96ce-79bd158b02a9,29946c71-6cdc-4a03-8749-2a16578bb7e1,efc84c6b-556a-4671-8a6a-8729a89714b2,SO-000021,2024-01-17,confirmed,802.76,60.21,862.97,
a7df8090-8f4d-415f-ab42-c112efe819d1,29946c71-6cdc-4a03-8749-2a16578bb7e1,9b6e8182-4257-49ed-ba61-5ad97ddbf5a0,SO-000022,2024-01-18,confirmed,2134.83,160.11,2294.94,
d522a935-ed2c-43b7-97a0-f9eb0226aab6,29946c71-6cdc-4a03-8749-2a16578bb7e1,a898be31-f1c8-4c7b-9221-577a45b2c9dd,SO-000023,2024-01-22,confirmed,969.22,72.69,1041.91,
efabd93a-45d2-42c3-a293-6b2364f8f5fa,29946c71-6cdc-4a03-8749-2a16578bb7e1,d106ebb2-4324-4825-b804-433f96d473d0,SO-000024,2024-01-23,confirmed,2116.55,158.75,2275.30,
83c2723a-d39c-4d33-a682-35145ff872f4,29946c71-6cdc-4a03-8749-2a16578bb7e1,9429f01a-5892-49a2-bdeb-f309a73610b2,SO-000025,2024-01-23,confirmed,2781.78,208.63,2990.41,
bef2a793-20c2-4b47-b4ed-6ab084419458,29946c71-6cdc-4a03-8749-2a16578bb7e1,65f5e693-9472-44a9-b31b-90c7d259e4c9,SO-000026,2024-01-23,confirmed,653.13,48.99,702.12,
46771f96-0ee4-4eb5-9ab9-2b669b80b25e,29946c71-6cdc-4a03-8749-2a16578bb7e1,4033ab7c-66fa-4d99-9c85-c11db863dc1c,SO-000027,2024-01-25,confirmed,561.68,42.12,603.80,
931b0421-ec84-4b81-92ae-2bdd30a188fd,29946c71-6cdc-4a03-8749-2a16578bb7e1,4617fcda-9a01-443e-8184-22568672d0e9,SO-000028,2024-01-26,confirmed,4974.62,373.09,5347.71,
45a769d0-4eae-4f72-b3a0-bb031f5cdb5a,29946c71-6cdc-4a03-8749-2a16578bb7e1,b70bf97f-4fe4-4b11-9ecb-6e3dffbb3457,SO-000029,2024-01-29,confirmed,1287.74,96.58,1384.32,
69a767de-de32-4447-9563-5984338c4abf,29946c71-6cdc-4a03-8749-2a16578bb7e1,214ab7a7-8f83-41c8-8f73-b18a57c79fb0,SO-000030,2024-01-30,confirmed,3225.08,241.88,3466.96,
b302db6b-b425-49bb-908c-a609ed382175,29946c71-6cdc-4a03-8749-2a16578bb7e1,2171d1af-6f18-4ee9-a25e-8d5c8940a627,SO-000031,2024-01-30,confirmed,230.34,17.27,247.61,
f28c8f43-2256-4737-806c-158c769c80a5,29946c71-6cdc-4a03-8749-2a16578bb7e1,3481ac22-adec-4818-ae13-721b77dd806b,SO-000032,2024-01-31,confirmed,7149.91,536.24,7686.15,
54f16b55-f21d-4328-97ca-b56f60b3b427,29946c71-6cdc-4a03-8749-2a16578bb7e1,a99330a6-a028-498e-94a8-04e9b14ada19,SO-000033,2024-01-31,confirmed,1118.40,83.88,1202.28,
c6c70518-7f53-44d4-8baa-b3f9997389de,29946c71-6cdc-4a03-8749-2a16578bb7e1,36379bb5-0273-4120-99a8-a7ef1a6a8c5e,SO-000034,2024-02-02,confirmed,89.64,6.72,96.36,
07bd044f-d910-4740-bda1-b3416c513427,29946c71-6cdc-4a03-8749-2a16578bb7e1,dc452584-1c9d-4793-a381-5a0a15ce4d42,SO-000035,2024-02-02,confirmed,1440.56,108.04,1548.60,
92972243-78ed-411d-b343-88d4334c5cc7,29946c71-6cdc-4a03-8749-2a16578bb7e1,fbde9758-95f3-4c7e-a62d-7213309d514a,SO-000036,2024-02-05,confirmed,354.19,26.56,380.75,
043f2460-8b85-4508-9d72-7f895f946ab3,29946c71-6cdc-4a03-8749-2a16578bb7e1,29f1991b-4fab-4f36-ab70-545b8e7ad62b,SO-000037,2024-02-05,confirmed,1434.87,107.61,1542.48,
41623854-15e4-4c9d-ab87-14af28bd6e96,29946c71-6cdc-4a03-8749-2a16578bb7e1,4033ab7c-66fa-4d99-9c85-c11db863dc1c,SO-000038,2024-02-05,confirmed,1629.44,122.21,1751.65,
d2020914-bde0-4420-a2af-2a38a61c87c9,29946c71-6cdc-4a03-8749-2a16578bb7e1,65f5e693-9472-44a9-b31b-90c7d259e4c9,SO-000039,2024-02-05,confirmed,3552.93,266.47,3819.40,
54a2c433-bec8-4d9b-81df-97d35493f015,29946c71-6cdc-4a03-8749-2a16578bb7e1,34a39e3d-b3c8-48ea-9dae-0301a4726f1c,SO-000040,2024-02-05,confirmed,1926.41,144.47,2070.88,
e342251f-1084-4b06-9b09-3668357dba0e,29946c71-6cdc-4a03-8749-2a16578bb7e1,a46c7190-4bb8-4864-bfaa-13fb3b407a0c,SO-000041,2024-02-06,confirmed,2936.83,220.26,3157.09,
1b444846-6772-4c4a-b6d1-92e4002c4dce,29946c71-6cdc-4a03-8749-2a16578bb7e1,a2240598-d93e-4913-8504-b7c2f3656257,SO-000042,2024-02-06,confirmed,1911.21,143.35,2054.56,
b63b1394-217c-44ed-a192-d820eb10c9ae,29946c71-6cdc-4a03-8749-2a16578bb7e1,9429f01a-5892-49a2-bdeb-f309a73610b2,SO-000043,2024-02-06,confirmed,1385.04,103.88,1488.92,
7ae7e597-d03d-4cc3-8575-2aadc992eed9,29946c71-6cdc-4a03-8749-2a16578bb7e1,c6c25f58-24b3-4c32-aa83-948f95e19846,SO-000044,2024-02-07,confirmed,339.88,25.49,365.37,
2144f416-c412-4e6c-9388-037c6639628c,29946c71-6cdc-4a03-8749-2a16578bb7e1,40066b58-a037-49c2-bae7-7cbc064f64e4,SO-000045,2024-02-07,confirmed,105.28,7.90,113.18,
1618897f-c014-4afe-9c72-48b3c8bfa66b,29946c71-6cdc-4a03-8749-2a16578bb7e1,3481ac22-adec-4818-ae13-721b77dd806b,SO-000046,2024-02-08,confirmed,3146.07,235.95,3382.02,
21155f7a-49c7-4d05-bd31-ac627bd3fd5d,29946c71-6cdc-4a03-8749-2a16578bb7e1,4033ab7c-66fa-4d99-9c85-c11db863dc1c,SO-000047,2024-02-08,confirmed,1579.42,118.46,1697.88,
06770d4c-6f6c-49ca-91f2-c2dba43b9f57,29946c71-6cdc-4a03-8749-2a16578bb7e1,7023bd4b-c56b-44d1-904c-37f70588efa9,SO-000048,2024-02-08,confirmed,6393.25,479.49,6872.74,
d8231850-ec3d-41fc-ba2a-74e7acab9ae3,29946c71-6cdc-4a03-8749-2a16578bb7e1,dd4b66cd-2ff1-40a1-9474-90ff38d8e538,SO-000049,2024-02-08,confirmed,3829.89,287.25,4117.14,
89646633-f746-43e7-ae4d-a47c2faa6b00,29946c71-6cdc-4a03-8749-2a16578bb7e1,c6c25f58-24b3-4c32-aa83-948f95e19846,SO-000050,2024-02-09,confirmed,2057.28,154.29,2211.57,
8f045e76-c99a-46f0-b932-d3ef1eee611f,29946c71-6cdc-4a03-8749-2a16578bb7e1,230d7a0d-dafd-4de7-baec-3d2cbdccb8b9,SO-000051,2024-02-12,confirmed,2274.24,170.56,2444.80,
59995205-56b2-41c5-b14e-293ce486eee7,29946c71-6cdc-4a03-8749-2a16578bb7e1,230d7a0d-dafd-4de7-baec-3d2cbdccb8b9,SO-000052,2024-02-13,confirmed,2063.44,154.76,2218.20,
b294ea55-f088-406d-af10-9c7b711bc3de,29946c71-6cdc-4a03-8749-2a16578bb7e1,c5a1ec25-4eb0-4805-9fb3-b136d7258055,SO-000053,2024-02-14,confirmed,2347.32,176.06,2523.38,
6aaed5a3-c294-40c5-8a9e-5c7e75a1f60d,29946c71-6cdc-4a03-8749-2a16578bb7e1,a69da9eb-f2ac-4bab-9830-71dcf23ba6c6,SO-000054,2024-02-14,confirmed,630.53,47.30,677.83,
8e179082-e538-42fd-9c23-dfc0430b1d75,29946c71-6cdc-4a03-8749-2a16578bb7e1,dc452584-1c9d-4793-a381-5a0a15ce4d42,SO-000055,2024-02-16,confirmed,4337.19,325.28,4662.47,
d0ca0bea-e80e-4cd6-a666-9c23e81a8e66,29946c71-6cdc-4a03-8749-2a16578bb7e1,fbde9758-95f3-4c7e-a62d-7213309d514a,SO-000056,2024-02-21,confirmed,3349.17,251.18,3600.35,
d9d5148f-6a4c-4a90-979e-6306c0edd88e,29946c71-6cdc-4a03-8749-2a16578bb7e1,b70bf97f-4fe4-4b11-9ecb-6e3dffbb3457,SO-000057,2024-02-21,confirmed,2863.68,214.77,3078.45,
e5b09544-82b5-44cb-8c18-afe8b75cdd26,29946c71-6cdc-4a03-8749-2a16578bb7e1,7023bd4b-c56b-44d1-904c-37f70588efa9,SO-000058,2024-02-21,confirmed,1038.78,77.91,1116.69,
62fe09fe-0a08-4235-90db-9b3bda6bbe84,29946c71-6cdc-4a03-8749-2a16578bb7e1,4617fcda-9a01-443e-8184-22568672d0e9,SO-000059,2024-02-21,confirmed,1615.68,121.18,1736.86,
2b242d7d-5774-4c3a-8cb9-1f89096d05c2,29946c71-6cdc-4a03-8749-2a16578bb7e1,9b6e8182-4257-49ed-ba61-5ad97ddbf5a0,SO-000060,2024-02-22,confirmed,104.40,7.83,112.23,
85607f4f-7b14-4188-8079-830a1c5dc84f,29946c71-6cdc-4a03-8749-2a16578bb7e1,bd035607-790a-47c8-bc1a-db1599aaadab,SO-000061,2024-02-22,confirmed,4396.48,329.75,4726.23,
023f73c6-423a-48d3-b2c0-1ceb67b1fc33,29946c71-6cdc-4a03-8749-2a16578bb7e1,c0abd809-2583-4ace-8c2d-f1d955fa62e6,SO-000062,2024-02-22,confirmed,459.61,34.47,494.08,
5b50e391-50a5-49b6-be31-85f6360cbf30,29946c71-6cdc-4a03-8749-2a16578bb7e1,9b6e8182-4257-49ed-ba61-5ad97ddbf5a0,SO-000063,2024-02-23,confirmed,1637.24,122.80,1760.04,
a9f3c710-ff5d-42a5-96f7-31f93f29d733,29946c71-6cdc-4a03-8749-2a16578bb7e1,2171d1af-6f18-4ee9-a25e-8d5c8940a627,SO-000064,2024-02-23,confirmed,2372.54,177.94,2550.48,
2509fca0-856f-4c28-96f5-1bfd787fcd97,29946c71-6cdc-4a03-8749-2a16578bb7e1,a6d319d5-3270-4a4d-b1f4-f45fc5785118,SO-000065,2024-02-23,confirmed,2380.80,178.57,2559.37,
4c0bcc8b-fd84-46d8-83fc-6de6ec2e6c77,29946c71-6cdc-4a03-8749-2a16578bb7e1,41eb98f8-1530-4ed4-a721-59e390620dd3,SO-000066,2024-02-27,confirmed,1781.46,133.61,1915.07,
e25afc87-3e37-4ae9-af48-34debc3e0209,29946c71-6cdc-4a03-8749-2a16578bb7e1,ce7c7044-c0c0-4874-a409-eb9ea8094e06,SO-000067,2024-02-27,confirmed,3193.18,239.48,3432.66,
b9d46d20-c620-454e-afde-b72bf87add7f,29946c71-6cdc-4a03-8749-2a16578bb7e1,a46c7190-4bb8-4864-bfaa-13fb3b407a0c,SO-000068,2024-02-28,confirmed,521.37,39.10,560.47,
181d15e2-b952-4dbe-8960-7a24df60ca15,29946c71-6cdc-4a03-8749-2a16578bb7e1,36379bb5-0273-4120-99a8-a7ef1a6a8c5e,SO-000069,2024-02-29,confirmed,3470.11,260.26,3730.37,
cb78024b-f2cc-4228-8268-199987f3185c,29946c71-6cdc-4a03-8749-2a16578bb7e1,41fd7481-414c-4a36-8fea-5d577e7aea09,SO-000070,2024-02-29,confirmed,2379.87,178.49,2558.36,
8696c341-63c8-47ec-8c6c-d949e837cf24,29946c71-6cdc-4a03-8749-2a16578bb7e1,15aa8b95-223b-4e9c-b7a6-c7617e8c3eb5,SO-000071,2024-02-29,confirmed,411.25,30.85,442.10,
1771c300-c80d-4282-92bc-9893016dc552,29946c71-6cdc-4a03-8749-2a16578bb7e1,c9e4bbd1-9852-43ee-bd0e-7091050d6f41,SO-000072,2024-03-01,confirmed,2043.43,153.26,2196.69,
9232e3d8-3ea5-49ae-b795-c02f74be0a2f,29946c71-6cdc-4a03-8749-2a16578bb7e1,a2240598-d93e-4913-8504-b7c2f3656257,SO-000073,2024-03-01,confirmed,328.90,24.67,353.57,
9d938f8d-0db2-45eb-91e0-046852abf50d,29946c71-6cdc-4a03-8749-2a16578bb7e1,e3abfc7d-eab1-4413-ace0-c8f3beb053f5,SO-000074,2024-03-01,confirmed,685.35,51.40,736.75,
2edda26a-24bf-4d0f-833d-1dc2276373a0,29946c71-6cdc-4a03-8749-2a16578bb7e1,41eb98f8-1530-4ed4-a721-59e390620dd3,SO-000075,2024-03-04,confirmed,3881.91,291.13,4173.04,
cb3a88ef-bcd3-4e70-af97-affcd05fc274,29946c71-6cdc-4a03-8749-2a16578bb7e1,a6d319d5-3270-4a4d-b1f4-f45fc5785118,SO-000076,2024-03-04,confirmed,1465.09,109.88,1574.97,
0e480f19-7839-47c5-8169-1cfe8ff9bb42,29946c71-6cdc-4a03-8749-2a16578bb7e1,4033ab7c-66fa-4d99-9c85-c11db863dc1c,SO-000077,2024-03-05,confirmed,460.98,34.58,495.56,
dbed96c1-47a3-4590-a2d7-0a42ce1f552f,29946c71-6cdc-4a03-8749-2a16578bb7e1,34a39e3d-b3c8-48ea-9dae-0301a4726f1c,SO-000078,2024-03-05,confirmed,4021.66,301.63,4323.29,
5648c213-08c4-463e-9cf2-ae5d790517c2,29946c71-6cdc-4a03-8749-2a16578bb7e1,34a39e3d-b3c8-48ea-9dae-0301a4726f1c,SO-000079,2024-03-06,confirmed,3810.62,285.80,4096.42,
d22ae838-bcdc-4067-9ae2-6ef00f5945ae,29946c71-6cdc-4a03-8749-2a16578bb7e1,c5a1ec25-4eb0-4805-9fb3-b136d7258055,SO-000080,2024-03-07,confirmed,3369.16,252.69,3621.85,
52582cfc-458d-4ad8-8706-461656602a19,29946c71-6cdc-4a03-8749-2a16578bb7e1,d106ebb2-4324-4825-b804-433f96d473d0,SO-000081,2024-03-12,confirmed,2546.64,191.00,2737.64,
5c144cd5-2990-4114-b209-473099e26781,29946c71-6cdc-4a03-8749-2a16578bb7e1,a99330a6-a028-498e-94a8-04e9b14ada19,SO-000082,2024-03-12,confirmed,2725.72,204.43,2930.15,
c04c0990-8f01-4bb1-9ae1-69e64dd22a85,29946c71-6cdc-4a03-8749-2a16578bb7e1,2171d1af-6f18-4ee9-a25e-8d5c8940a627,SO-000083,2024-03-13,confirmed,1770.06,132.74,1902.80,
70cd6c98-8062-4426-a416-d13ee4b6dfb3,29946c71-6cdc-4a03-8749-2a16578bb7e1,c0abd809-2583-4ace-8c2d-f1d955fa62e6,SO-000084,2024-03-13,confirmed,1538.46,115.39,1653.85,
66451da2-3618-49df-ac06-911601edf31f,29946c71-6cdc-4a03-8749-2a16578bb7e1,34a39e3d-b3c8-48ea-9dae-0301a4726f1c,SO-000085,2024-03-13,confirmed,3686.89,276.53,3963.42,
992e8668-c1c6-46f1-856b-c3d23d65b8e7,29946c71-6cdc-4a03-8749-2a16578bb7e1,36379bb5-0273-4120-99a8-a7ef1a6a8c5e,SO-000086,2024-03-14,confirmed,4782.08,358.65,5140.73,
9fd6dd6c-0895-4ded-a304-ea980681db5b,29946c71-6cdc-4a03-8749-2a16578bb7e1,e3abfc7d-eab1-4413-ace0-c8f3beb053f5,SO-000087,2024-03-14,confirmed,922.16,69.17,991.33,
e17d59bf-e1c7-41d4-811b-24b04792bc69,29946c71-6cdc-4a03-8749-2a16578bb7e1,5daa8553-578c-4aaf-ba4b-051000bf552d,SO-000088,2024-03-14,confirmed,4703.66,352.78,5056.44,
47430f65-22a6-442e-8cf5-f61e15f9aa36,29946c71-6cdc-4a03-8749-2a16578bb7e1,44d5042b-c9e3-44fe-b756-bf5bbdd4901b,SO-000089,2024-03-15,confirmed,1514.17,113.56,1627.73,
25b2a9d4-76b1-4076-aed1-435ca2eb2b7c,29946c71-6cdc-4a03-8749-2a16578bb7e1,6e0f6d0a-81c8-450d-9b3b-df2d9b929627,SO-000090,2024-03-18,confirmed,233.87,17.54,251.41,
c257e38a-1b33-4f68-98c6-3a2bbebe2dfa,29946c71-6cdc-4a03-8749-2a16578bb7e1,36379bb5-0273-4120-99a8-a7ef1a6a8c5e,SO-000091,2024-03-18,confirmed,1915.11,143.63,2058.74,
c4e90ec5-6b6f-422e-8855-b3e224062041,29946c71-6cdc-4a03-8749-2a16578bb7e1,c6c25f58-24b3-4c32-aa83-948f95e19846,SO-000092,2024-03-18,confirmed,2419.24,181.44,2600.68,
2ef3fca7-7366-4636-92c9-d57847b0fc01,29946c71-6cdc-4a03-8749-2a16578bb7e1,c5a1ec25-4eb0-4805-9fb3-b136d7258055,SO-000093,2024-03-18,confirmed,2885.56,216.42,3101.98,
31e53e83-7502-4cfd-afa7-789009231c90,29946c71-6cdc-4a03-8749-2a16578bb7e1,34a39e3d-b3c8-48ea-9dae-0301a4726f1c,SO-000094,2024-03-18,confirmed,2751.67,206.38,2958.05,
4c31779d-a3af-466a-ac0d-64119d59b541,29946c71-6cdc-4a03-8749-2a16578bb7e1,fbde9758-95f3-4c7e-a62d-7213309d514a,SO-000095,2024-03-19,confirmed,1566.72,117.51,1684.23,
36f1ecc2-c01a-4cf9-82df-920aac0eca1f,29946c71-6cdc-4a03-8749-2a16578bb7e1,41fd7481-414c-4a36-8fea-5d577e7aea09,SO-000096,2024-03-19,confirmed,3560.46,267.02,3827.48,
7bb122eb-8553-4588-9d42-49974290e64b,29946c71-6cdc-4a03-8749-2a16578bb7e1,c6c25f58-24b3-4c32-aa83-948f95e19846,SO-000097,2024-03-19,confirmed,826.25,61.97,888.22,
ace3b49e-f59d-42c8-8b4a-0402b2625224,29946c71-6cdc-4a03-8749-2a16578bb7e1,a12c665c-d2b0-4e20-9a7d-cc5df32b65dd,SO-000098,2024-03-19,confirmed,638.41,47.88,686.29,
86069f73-8b08-46f4-b6bd-1f12ba858366,29946c71-6cdc-4a03-8749-2a16578bb7e1,dd4b66cd-2ff1-40a1-9474-90ff38d8e538,SO-000099,2024-03-19,confirmed,1192.66,89.45,1282.11,
ffd3dda7-3908-42d6-a840-b75439fe3393,29946c71-6cdc-4a03-8749-2a16578bb7e1,a6d319d5-3270-4a4d-b1f4-f45fc5785118,SO-000100,2024-03-19,confirmed,753.81,56.54,810.35,
68c1af0a-9787-4bb8-9846-222b92207139,29946c71-6cdc-4a03-8749-2a16578bb7e1,2171d1af-6f18-4ee9-a25e-8d5c8940a627,SO-000101,2024-03-20,confirmed,5323.15,399.24,5722.39,
f31d5371-b82b-4daa-a508-729f6ecdf4a5,29946c71-6cdc-4a03-8749-2a16578bb7e1,15aa8b95-223b-4e9c-b7a6-c7617e8c3eb5,SO-000102,2024-03-20,confirmed,2288.70,171.65,2460.35,
54013ea0-2020-4f2a-a66a-c323c6604120,29946c71-6cdc-4a03-8749-2a16578bb7e1,a898be31-f1c8-4c7b-9221-577a45b2c9dd,SO-000103,2024-03-21,confirmed,196.52,14.74,211.26,
e7b52677-bf67-480a-8584-d8121021bde2,29946c71-6cdc-4a03-8749-2a16578bb7e1,a6d319d5-3270-4a4d-b1f4-f45fc5785118,SO-000104,2024-03-21,confirmed,2229.03,167.17,2396.20,
849ae491-1945-4539-ae00-d9c6aff72136,29946c71-6cdc-4a03-8749-2a16578bb7e1,230d7a0d-dafd-4de7-baec-3d2cbdccb8b9,SO-000105,2024-03-21,confirmed,921.45,69.11,990.56,
352ca02a-69c5-4a2c-b517-f804b1352898,29946c71-6cdc-4a03-8749-2a16578bb7e1,5daa8553-578c-4aaf-ba4b-051000bf552d,SO-000106,2024-03-22,confirmed,69.04,5.18,74.22,
ab7165f7-21e3-46aa-b3a7-2665ca4caa59,29946c71-6cdc-4a03-8749-2a16578bb7e1,61e145c5-e095-49e5-ba10-c7af3841dd50,SO-000107,2024-03-22,confirmed,3104.39,232.84,3337.23,
82ae6f06-c99d-4a64-a0f2-3ebf9ab60340,29946c71-6cdc-4a03-8749-2a16578bb7e1,a46c7190-4bb8-4864-bfaa-13fb3b407a0c,SO-000108,2024-03-25,confirmed,1522.30,114.18,1636.48,
24a8fa6b-129c-47be-978e-365be53e295d,29946c71-6cdc-4a03-8749-2a16578bb7e1,4033ab7c-66fa-4d99-9c85-c11db863dc1c,SO-000109,2024-03-25,confirmed,1832.46,137.44,1969.90,
d0788f7b-3d2c-4078-ba46-57996ac88e07,29946c71-6cdc-4a03-8749-2a16578bb7e1,dd4b66cd-2ff1-40a1-9474-90ff38d8e538,SO-000110,2024-03-26,confirmed,3269.73,245.23,3514.96,
af56f031-c418-4e15-8c24-252dc26d5996,29946c71-6cdc-4a03-8749-2a16578bb7e1,5daa8553-578c-4aaf-ba4b-051000bf552d,SO-000111,2024-03-26,confirmed,2858.69,214.41,3073.10,
9fee596f-59f0-4a1a-8a11-347a60ac6430,29946c71-6cdc-4a03-8749-2a16578bb7e1,40066b58-a037-49c2-bae7-7cbc064f64e4,SO-000112,2024-03-27,confirmed,4279.30,320.95,4600.25,
c52be854-af43-4c16-be8f-41ec094e7020,29946c71-6cdc-4a03-8749-2a16578bb7e1,41eb98f8-1530-4ed4-a721-59e390620dd3,SO-000113,2024-03-28,confirmed,594.72,44.60,639.32,
2e896403-3bd8-4881-bfc5-9d716cb3d0f6,29946c71-6cdc-4a03-8749-2a16578bb7e1,8bce3acd-6086-4f31-b0c6-b9be4893fd57,SO-000114,2024-03-28,confirmed,2337.25,175.30,2512.55,
00af93b6-3a77-48a3-8552-f7aa41041ae2,29946c71-6cdc-4a03-8749-2a16578bb7e1,4de3ae24-7fb2-4aa7-b21f-563fccc1fb33,SO-000115,2024-03-28,confirmed,4610.07,345.75,4955.82,
b5a4dca9-0ca5-4204-9d0b-b71063155123,29946c71-6cdc-4a03-8749-2a16578bb7e1,dc452584-1c9d-4793-a381-5a0a15ce4d42,SO-000116,2024-03-28,confirmed,838.93,62.92,901.85,
56e80676-6961-467c-9378-f9437828916c,29946c71-6cdc-4a03-8749-2a16578bb7e1,61e145c5-e095-49e5-ba10-c7af3841dd50,SO-000117,2024-03-28,confirmed,544.39,40.83,585.22,
4db97f9c-57ff-4b5d-b3b2-b82c5dea04e6,29946c71-6cdc-4a03-8749-2a16578bb7e1,8eb2ce75-a2b4-4083-a42c-e8dae51c71e3,SO-000118,2024-04-01,confirmed,889.66,66.72,956.38,
3c62216d-69cd-467d-942d-609dca82a99f,29946c71-6cdc-4a03-8749-2a16578bb7e1,4617fcda-9a01-443e-8184-22568672d0e9,SO-000119,2024-04-01,confirmed,51.78,3.88,55.66,
288d48d7-f2d7-4398-a390-33143e4a87f8,29946c71-6cdc-4a03-8749-2a16578bb7e1,a69da9eb-f2ac-4bab-9830-71dcf23ba6c6,SO-000120,2024-04-01,confirmed,1006.56,75.49,1082.05,
d043360c-32b0-491c-b548-744a8a700d49,29946c71-6cdc-4a03-8749-2a16578bb7e1,2171d1af-6f18-4ee9-a25e-8d5c8940a627,SO-000121,2024-04-02,confirmed,3650.61,273.80,3924.41,
f87131c6-e2f5-49d1-88b1-89687a2ff2de,29946c71-6cdc-4a03-8749-2a16578bb7e1,efc84c6b-556a-4671-8a6a-8729a89714b2,SO-000122,2024-04-02,confirmed,461.78,34.63,496.41,
edb00d7e-bb06-45d3-b5df-db892e860f4c,29946c71-6cdc-4a03-8749-2a16578bb7e1,61e145c5-e095-49e5-ba10-c7af3841dd50,SO-000123,2024-04-02,confirmed,4259.95,319.49,4579.44,
1c20e3ab-27d4-452d-9116-187cbd7274fe,29946c71-6cdc-4a03-8749-2a16578bb7e1,c6c25f58-24b3-4c32-aa83-948f95e19846,SO-000124,2024-04-03,confirmed,723.17,54.24,777.41,
df6ca03f-51c5-48c6-b255-722706fed77a,29946c71-6cdc-4a03-8749-2a16578bb7e1,a898be31-f1c8-4c7b-9221-577a45b2c9dd,SO-000125,2024-04-03,confirmed,195.38,14.65,210.03,
12ad1c41-c388-41d7-a6dd-20fe48404434,29946c71-6cdc-4a03-8749-2a16578bb7e1,7023bd4b-c56b-44d1-904c-37f70588efa9,SO-000126,2024-04-03,confirmed,1538.63,115.40,1654.03,
a5971b3d-9ffa-4974-8b08-c84709370028,29946c71-6cdc-4a03-8749-2a16578bb7e1,230d7a0d-dafd-4de7-baec-3d2cbdccb8b9,SO-000127,2024-04-03,confirmed,2192.34,164.42,2356.76,
f003f5ad-734d-4e65-8902-e6f391341dbf,29946c71-6cdc-4a03-8749-2a16578bb7e1,8bce3acd-6086-4f31-b0c6-b9be4893fd57,SO-000128,2024-04-04,confirmed,1705.38,127.90,1833.28,
69025eab-c8ca-47a1-870d-a28eb072c3dc,29946c71-6cdc-4a03-8749-2a16578bb7e1,9429f01a-5892-49a2-bdeb-f309a73610b2,SO-000129,2024-04-04,confirmed,2466.82,185.01,2651.83,
bcf7763d-08f3-4402-a202-aeb80ed5ba1f,29946c71-6cdc-4a03-8749-2a16578bb7e1,dc452584-1c9d-4793-a381-5a0a15ce4d42,SO-000130,2024-04-04,confirmed,2156.00,161.71,2317.71,
6828b17b-0725-49fe-9855-afe84c299138,29946c71-6cdc-4a03-8749-2a16578bb7e1,5cf20962-3fb0-4efc-a203-7990a416106c,SO-000131,2024-04-05,confirmed,884.20,66.31,950.51,
970650d4-dfe5-4db8-a477-c0b830f096cf,29946c71-6cdc-4a03-8749-2a16578bb7e1,29f1991b-4fab-4f36-ab70-545b8e7ad62b,SO-000132,2024-04-05,confirmed,824.74,61.85,886.59,
50285e56-31d2-4bd1-afe5-e149b117bffa,29946c71-6cdc-4a03-8749-2a16578bb7e1,a12c665c-d2b0-4e20-9a7d-cc5df32b65dd,SO-000133,2024-04-05,confirmed,3907.98,293.09,4201.07,
2b78a35f-ca27-490e-9a2a-16e3d08c2b16,29946c71-6cdc-4a03-8749-2a16578bb7e1,8d4372ff-f834-4ede-9ed1-c0dc108d12a4,SO-000134,2024-04-05,confirmed,2143.19,160.74,2303.93,
1fd1bdee-c44d-4fd2-9c6a-e8c98b4962c5,29946c71-6cdc-4a03-8749-2a16578bb7e1,8eb2ce75-a2b4-4083-a42c-e8dae51c71e3,SO-000135,2024-04-08,confirmed,288.19,21.62,309.81,
15e2a340-0964-4f20-9580-5d9148639213,29946c71-6cdc-4a03-8749-2a16578bb7e1,b70bf97f-4fe4-4b11-9ecb-6e3dffbb3457,SO-000136,2024-04-08,confirmed,2144.38,160.83,2305.21,
759a8fe3-55e4-425f-b6fa-f7bfefca38bd,29946c71-6cdc-4a03-8749-2a16578bb7e1,e3abfc7d-eab1-4413-ace0-c8f3beb053f5,SO-000137,2024-04-09,confirmed,1152.54,86.44,1238.98,
f7f8bbaa-c80c-4217-8a03-347d99d1f66a,29946c71-6cdc-4a03-8749-2a16578bb7e1,d106ebb2-4324-4825-b804-433f96d473d0,SO-000138,2024-04-10,confirmed,2895.35,217.16,3112.51,
49717cff-cca4-4a4c-b538-a8c2e95d6f19,29946c71-6cdc-4a03-8749-2a16578bb7e1,6e0f6d0a-81c8-450d-9b3b-df2d9b929627,SO-000139,2024-04-10,confirmed,6283.85,471.29,6755.14,
9a175c67-3e93-48c7-a18b-4c27581a384e,29946c71-6cdc-4a03-8749-2a16578bb7e1,7dde94ab-8847-42c0-ab47-1024fa234743,SO-000140,2024-04-11,confirmed,272.27,20.42,292.69,
01a5825a-1bed-419e-a58a-f2f57149119b,29946c71-6cdc-4a03-8749-2a16578bb7e1,fbde9758-95f3-4c7e-a62d-7213309d514a,SO-000141,2024-04-12,confirmed,3223.89,241.79,3465.68,
3ba37d5f-ab3c-4680-aa26-b815befb0db4,29946c71-6cdc-4a03-8749-2a16578bb7e1,34a39e3d-b3c8-48ea-9dae-0301a4726f1c,SO-000142,2024-04-12,confirmed,1021.28,76.59,1097.87,
2d0c6e2b-8d91-419f-a1e8-15e13cfed2c7,29946c71-6cdc-4a03-8749-2a16578bb7e1,9d303ca2-cd70-406c-8f75-cc51c2c8c6ab,SO-000143,2024-04-15,confirmed,1532.51,114.94,1647.45,
9dacec1c-e4d5-40f7-9ec6-e20a5ec918fe,29946c71-6cdc-4a03-8749-2a16578bb7e1,8bce3acd-6086-4f31-b0c6-b9be4893fd57,SO-000144,2024-04-15,confirmed,1742.84,130.71,1873.55,
87fde59c-7138-4efa-9b94-0fc20d6e71dd,29946c71-6cdc-4a03-8749-2a16578bb7e1,8eb2ce75-a2b4-4083-a42c-e8dae51c71e3,SO-000145,2024-04-16,confirmed,1744.72,130.85,1875.57,
c12508ee-dd86-4eb0-9eab-f10c9d1163dd,29946c71-6cdc-4a03-8749-2a16578bb7e1,44d5042b-c9e3-44fe-b756-bf5bbdd4901b,SO-000146,2024-04-16,confirmed,1539.82,115.48,1655.30,
551f31cc-baa0-47a7-8b14-2b2ec7d9b33f,29946c71-6cdc-4a03-8749-2a16578bb7e1,b70bf97f-4fe4-4b11-9ecb-6e3dffbb3457,SO-000147,2024-04-16,confirmed,941.29,70.60,1011.89,
d3142227-7494-452f-b2e4-f2ccec95bf3a,29946c71-6cdc-4a03-8749-2a16578bb7e1,67df51d9-206a-42a5-9d88-cee802384f89,SO-000148,2024-04-17,confirmed,2487.48,186.56,2674.04,
944dde71-e19e-427e-bcf1-ffab10f70d44,29946c71-6cdc-4a03-8749-2a16578bb7e1,5cf20962-3fb0-4efc-a203-7990a416106c,SO-000149,2024-04-17,confirmed,3462.42,259.67,3722.09,
51c1bd78-2004-4d41-9fff-ffccb9037f32,29946c71-6cdc-4a03-8749-2a16578bb7e1,0cbbad3f-8ac9-4a77-b9f3-a092e8f98dc1,SO-000150,2024-04-17,confirmed,1536.90,115.27,1652.17,
ebcda98b-e2f7-4fb5-bd98-a5f5927b30be,29946c71-6cdc-4a03-8749-2a16578bb7e1,d106ebb2-4324-4825-b804-433f96d473d0,SO-000151,2024-04-19,confirmed,854.38,64.07,918.45,
e5a0b3d7-2e0f-4c7e-aea9-5d6d835193a7,29946c71-6cdc-4a03-8749-2a16578bb7e1,a46c7190-4bb8-4864-bfaa-13fb3b407a0c,SO-000152,2024-04-19,confirmed,1525.28,114.40,1639.68,
5c801ac5-a18a-443f-b127-bff30e8786a7,29946c71-6cdc-4a03-8749-2a16578bb7e1,29f1991b-4fab-4f36-ab70-545b8e7ad62b,SO-000153,2024-04-19,confirmed,1787.61,134.08,1921.69,
f7e8e27a-e3f1-4287-b237-296da7bb02af,29946c71-6cdc-4a03-8749-2a16578bb7e1,b70bf97f-4fe4-4b11-9ecb-6e3dffbb3457,SO-000154,2024-04-19,confirmed,2097.77,157.33,2255.10,
aae4ab75-3a79-41bb-9004-04e7acdbc860,29946c71-6cdc-4a03-8749-2a16578bb7e1,d6c148da-b1d8-4482-af43-eec26110b622,SO-000155,2024-04-19,confirmed,274.75,20.61,295.36,
6aff78d1-36cc-45b2-8f21-09dd7b0006d5,29946c71-6cdc-4a03-8749-2a16578bb7e1,44d5042b-c9e3-44fe-b756-bf5bbdd4901b,SO-000156,2024-04-22,confirmed,875.05,65.63,940.68,
bf7091c3-2aa7-4f83-b3c5-9b0a27fe3da8,29946c71-6cdc-4a03-8749-2a16578bb7e1,3481ac22-adec-4818-ae13-721b77dd806b,SO-000157,2024-04-23,confirmed,2198.90,164.93,2363.83,
1f41ddd3-a274-480d-a442-17917f80a8e9,29946c71-6cdc-4a03-8749-2a16578bb7e1,2171d1af-6f18-4ee9-a25e-8d5c8940a627,SO-000158,2024-04-23,confirmed,1957.09,146.77,2103.86,
a2a2361d-f9ec-427d-97b3-5e4bb095bdc5,29946c71-6cdc-4a03-8749-2a16578bb7e1,36379bb5-0273-4120-99a8-a7ef1a6a8c5e,SO-000159,2024-04-24,confirmed,3001.51,225.11,3226.62,
1ef14616-6ca0-4d99-a9d0-2a0dccf4e614,29946c71-6cdc-4a03-8749-2a16578bb7e1,a6d319d5-3270-4a4d-b1f4-f45fc5785118,SO-000160,2024-04-24,confirmed,2800.62,210.06,3010.68,
443ff57c-c146-4671-b746-a701b5ee892f,29946c71-6cdc-4a03-8749-2a16578bb7e1,40066b58-a037-49c2-bae7-7cbc064f64e4,SO-000161,2024-04-24,confirmed,2227.07,167.03,2394.10,
b55ae871-90d8-484a-a6fa-5b04a816a46e,29946c71-6cdc-4a03-8749-2a16578bb7e1,34a39e3d-b3c8-48ea-9dae-0301a4726f1c,SO-000162,2024-04-24,confirmed,3287.79,246.58,3534.37,
45fb243b-5b2c-4e5c-90ae-32bcfe9fa851,29946c71-6cdc-4a03-8749-2a16578bb7e1,7dde94ab-8847-42c0-ab47-1024fa234743,SO-000163,2024-04-24,confirmed,555.28,41.65,596.93,
9ed3c4e0-78aa-4079-8fbe-a57c6f972458,29946c71-6cdc-4a03-8749-2a16578bb7e1,34a39e3d-b3c8-48ea-9dae-0301a4726f1c,SO-000164,2024-04-25,confirmed,893.88,67.04,960.92,
ca6eac77-e8c9-4eba-a60d-38b7a24fb6a1,29946c71-6cdc-4a03-8749-2a16578bb7e1,9b6e8182-4257-49ed-ba61-5ad97ddbf5a0,SO-000165,2024-04-26,confirmed,3547.18,266.04,3813.22,
bae897aa-cfcf-4481-ab95-1607991734d0,29946c71-6cdc-4a03-8749-2a16578bb7e1,3481ac22-adec-4818-ae13-721b77dd806b,SO-000166,2024-04-26,confirmed,332.48,24.94,357.42,
e97be34a-442c-4ee5-bfe0-bca17f4e9879,29946c71-6cdc-4a03-8749-2a16578bb7e1,5cf20962-3fb0-4efc-a203-7990a416106c,SO-000167,2024-04-26,confirmed,1077.96,80.84,1158.80,
e8f22193-3795-4181-8098-6539ee1bc8be,29946c71-6cdc-4a03-8749-2a16578bb7e1,fbde9758-95f3-4c7e-a62d-7213309d514a,SO-000168,2024-04-26,confirmed,1674.41,125.58,1799.99,
2dc55a7d-116e-4bec-aa75-a12233ba09f0,29946c71-6cdc-4a03-8749-2a16578bb7e1,29f1991b-4fab-4f36-ab70-545b8e7ad62b,SO-000169,2024-04-26,confirmed,1487.13,111.53,1598.66,
5bb47f9d-f3cd-4182-a755-b1818418666e,29946c71-6cdc-4a03-8749-2a16578bb7e1,e3abfc7d-eab1-4413-ace0-c8f3beb053f5,SO-000170,2024-04-26,confirmed,581.34,43.60,624.94,
ed230165-11e7-4b21-a50e-f83da88e20b3,29946c71-6cdc-4a03-8749-2a16578bb7e1,d106ebb2-4324-4825-b804-433f96d473d0,SO-000171,2024-04-29,confirmed,2312.46,173.44,2485.90,
6a1931b4-eb5c-4653-bf84-ee8ee2884bd9,29946c71-6cdc-4a03-8749-2a16578bb7e1,36379bb5-0273-4120-99a8-a7ef1a6a8c5e,SO-000172,2024-04-29,confirmed,1688.95,126.67,1815.62,
ff8ca204-0a73-4b43-9618-c1d33b66fca1,29946c71-6cdc-4a03-8749-2a16578bb7e1,a898be31-f1c8-4c7b-9221-577a45b2c9dd,SO-000173,2024-04-29,confirmed,4824.99,361.87,5186.86,
c7b87e85-0732-4e8f-92c3-71f357fdc439,29946c71-6cdc-4a03-8749-2a16578bb7e1,a12c665c-d2b0-4e20-9a7d-cc5df32b65dd,SO-000174,2024-04-29,confirmed,1548.69,116.16,1664.85,
8bc428ea-b23f-4d62-9993-062f362a048c,29946c71-6cdc-4a03-8749-2a16578bb7e1,dd4b66cd-2ff1-40a1-9474-90ff38d8e538,SO-000175,2024-04-29,confirmed,4981.04,373.58,5354.62,
5566ad9a-5407-40d9-ba44-33de383b642c,29946c71-6cdc-4a03-8749-2a16578bb7e1,4617fcda-9a01-443e-8184-22568672d0e9,SO-000176,2024-04-29,confirmed,2263.82,169.79,2433.61,
56063fc4-2cae-43f5-9066-a5e82ce6c277,29946c71-6cdc-4a03-8749-2a16578bb7e1,29f1991b-4fab-4f36-ab70-545b8e7ad62b,SO-000177,2024-04-30,confirmed,1479.24,110.94,1590.18,
3361ec3d-22f7-475a-9ace-ec090fc5d39a,29946c71-6cdc-4a03-8749-2a16578bb7e1,2171d1af-6f18-4ee9-a25e-8d5c8940a627,SO-000178,2024-04-30,confirmed,2018.31,151.38,2169.69,
9aac1ef3-bc82-4ba9-98a5-2b503d68d3a0,29946c71-6cdc-4a03-8749-2a16578bb7e1,40066b58-a037-49c2-bae7-7cbc064f64e4,SO-000179,2024-04-30,confirmed,2196.55,164.73,2361.28,
2ae29ef5-02bb-403e-846b-acb2b2c71e1b,29946c71-6cdc-4a03-8749-2a16578bb7e1,34a39e3d-b3c8-48ea-9dae-0301a4726f1c,SO-000180,2024-04-30,confirmed,497.60,37.32,534.92,
75051477-9ccb-4761-ae52-614d65b87ace,29946c71-6cdc-4a03-8749-2a16578bb7e1,d6c148da-b1d8-4482-af43-eec26110b622,SO-000181,2024-04-30,confirmed,2012.05,150.90,2162.95,
9e7d445e-ad4b-4ea7-9368-abccafbb9007,29946c71-6cdc-4a03-8749-2a16578bb7e1,a99330a6-a028-498e-94a8-04e9b14ada19,SO-000182,2024-05-01,confirmed,2598.02,194.85,2792.87,
1b97f23d-f0f2-4157-83bc-852d9d28247f,29946c71-6cdc-4a03-8749-2a16578bb7e1,214ab7a7-8f83-41c8-8f73-b18a57c79fb0,SO-000183,2024-05-01,confirmed,1124.02,84.30,1208.32,
618d5946-be3f-4c1e-99f4-a57afa3f095b,29946c71-6cdc-4a03-8749-2a16578bb7e1,65f5e693-9472-44a9-b31b-90c7d259e4c9,SO-000184,2024-05-01,confirmed,3394.00,254.55,3648.55,
32631baa-4501-4ae4-93a9-becd5c807828,29946c71-6cdc-4a03-8749-2a16578bb7e1,a6d319d5-3270-4a4d-b1f4-f45fc5785118,SO-000185,2024-05-02,confirmed,1311.14,98.32,1409.46,
ecb4a007-43a7-4ccd-bafe-861c9ec3799f,29946c71-6cdc-4a03-8749-2a16578bb7e1,9d303ca2-cd70-406c-8f75-cc51c2c8c6ab,SO-000186,2024-05-03,confirmed,1011.33,75.85,1087.18,
e1a2f6e3-666f-45b8-9b9d-99a8a225c6d6,29946c71-6cdc-4a03-8749-2a16578bb7e1,1ad9c3da-6ea1-4907-b83d-939422122993,SO-000187,2024-05-03,confirmed,1468.79,110.16,1578.95,
4e58c9d3-be53-41e5-b843-d9bd80b73160,29946c71-6cdc-4a03-8749-2a16578bb7e1,5daa8553-578c-4aaf-ba4b-051000bf552d,SO-000188,2024-05-03,confirmed,120.32,9.02,129.34,
2361e0b9-183d-4a9d-8e11-f51e28171e2b,29946c71-6cdc-4a03-8749-2a16578bb7e1,ce7c7044-c0c0-4874-a409-eb9ea8094e06,SO-000189,2024-05-06,confirmed,4646.47,348.48,4994.95,
7dfcd761-df7f-4a77-9370-b8a7ed990841,29946c71-6cdc-4a03-8749-2a16578bb7e1,e3abfc7d-eab1-4413-ace0-c8f3beb053f5,SO-000190,2024-05-07,confirmed,1980.24,148.52,2128.76,
6311add3-3a2f-4280-aefc-28776d271781,29946c71-6cdc-4a03-8749-2a16578bb7e1,bd035607-790a-47c8-bc1a-db1599aaadab,SO-000191,2024-05-07,confirmed,667.31,50.05,717.36,
e4ed112a-7c6f-4304-82e8-504e7a2bc5e8,29946c71-6cdc-4a03-8749-2a16578bb7e1,0cbbad3f-8ac9-4a77-b9f3-a092e8f98dc1,SO-000192,2024-05-08,confirmed,659.60,49.46,709.06,
aceb46bf-8fd9-419a-b452-571b0c87a1db,29946c71-6cdc-4a03-8749-2a16578bb7e1,8d4372ff-f834-4ede-9ed1-c0dc108d12a4,SO-000193,2024-05-08,confirmed,30.08,2.26,32.34,
7994ea6b-c224-4991-86e9-5d407ea45661,29946c71-6cdc-4a03-8749-2a16578bb7e1,a898be31-f1c8-4c7b-9221-577a45b2c9dd,SO-000194,2024-05-09,confirmed,811.84,60.89,872.73,
dee0abfc-0c62-44a0-9ee2-4b2f2f2e912e,29946c71-6cdc-4a03-8749-2a16578bb7e1,57e006b1-388e-47e7-8a56-41393e4975a8,SO-000195,2024-05-09,confirmed,3717.67,278.82,3996.49,
91f5bfa9-aa5d-48b3-817d-362fa9333408,29946c71-6cdc-4a03-8749-2a16578bb7e1,e4c8c004-7b74-4142-ac3a-1f7226d3352b,SO-000196,2024-05-09,confirmed,202.20,15.17,217.37,
37fc601b-4836-47d4-bd1d-53bf019db920,29946c71-6cdc-4a03-8749-2a16578bb7e1,8bce3acd-6086-4f31-b0c6-b9be4893fd57,SO-000197,2024-05-10,confirmed,2743.58,205.77,2949.35,
15216a80-cc5d-429c-bc7f-adc6e9e5d70b,29946c71-6cdc-4a03-8749-2a16578bb7e1,1ad9c3da-6ea1-4907-b83d-939422122993,SO-000198,2024-05-10,confirmed,552.45,41.44,593.89,
91c80cfe-919a-40fd-9d9b-a0be00b77643,29946c71-6cdc-4a03-8749-2a16578bb7e1,7023bd4b-c56b-44d1-904c-37f70588efa9,SO-000199,2024-05-10,confirmed,1546.11,115.96,1662.07,
223a68eb-8648-4013-ae80-e6344194987d,29946c71-6cdc-4a03-8749-2a16578bb7e1,747a658f-c855-403b-9451-69358fb2aad1,SO-000200,2024-05-10,confirmed,1514.94,113.62,1628.56,
